id,first_name,last_name,email,gender,job_title
1,Lenna,Lamyman,llamyman0@hubpages.com,Female,Geological Engineer
2,Eachelle,Rodenborch,erodenborch1@tamu.edu,Female,Dental Hygienist
3,Kristi,Yabsley,kyabsley2@webeden.co.uk,Female,Occupational Therapist
4,Garreth,Kubacki,gkubacki3@pen.io,Male,Web Developer I
5,Yvon,Germon,ygermon4@prweb.com,Male,Desktop Support Technician
6,Virge,Aynold,vaynold5@disqus.com,Male,Business Systems Development Analyst
7,Bobby,Leemans,bleemans6@istockphoto.com,Female,Compensation Analyst
8,Clarisse,Walles,cwalles7@mediafire.com,Female,Financial Advisor
9,Cristal,McCromley,cmccromley8@altervista.org,Female,Structural Analysis Engineer
10,Nicolette,Doblin,ndoblin9@dailymotion.com,Female,Human Resources Manager
11,Katheryn,Theodore,ktheodorea@home.pl,Female,Desktop Support Technician
12,Harlan,Jandak,hjandakb@dropbox.com,Male,Project Manager
13,Harwell,Djekic,hdjekicc@kickstarter.com,Genderqueer,Tax Accountant
14,Amalie,Dudding,aduddingd@shutterfly.com,Female,Health Coach IV
15,Edithe,Kincade,ekincadee@bloglines.com,Female,Statistician II
16,Ancell,Klimus,aklimusf@istockphoto.com,Genderqueer,Analyst Programmer
17,Kaitlyn,Galloway,kgallowayg@wisc.edu,Female,Speech Pathologist
18,Siouxie,Beining,sbeiningh@cnet.com,Female,Human Resources Manager
19,Kenyon,Hay,khayi@senate.gov,Male,Occupational Therapist
20,Drew,Gotter,dgotterj@redcross.org,Male,Actuary
21,Leanora,Kurten,lkurtenk@joomla.org,Female,Legal Assistant
22,Jojo,O'Lagen,jolagenl@trellian.com,Female,Assistant Media Planner
23,Jesus,Cornish,jcornishm@sun.com,Male,Technical Writer
24,Faina,Magill,fmagilln@histats.com,Female,Recruiter
25,Sonia,Caress,scaresso@issuu.com,Non-binary,Chemical Engineer
26,Shurwood,Sollett,ssollettp@mit.edu,Male,VP Quality Control
27,Alan,Abbs,aabbsq@netlog.com,Male,Desktop Support Technician
28,Geneva,MacCardle,gmaccardler@google.de,Female,Account Executive
29,Diahann,Tubb,dtubbs@virginia.edu,Female,Geologist III
30,Edith,Gallatly,egallatlyt@lycos.com,Female,VP Product Management
31,Jocelyne,Choulerton,jchoulertonu@pinterest.com,Female,Structural Analysis Engineer
32,Charla,Lanfer,clanferv@bloglovin.com,Female,Programmer III
33,Tonye,Aujouanet,taujouanetw@about.com,Genderfluid,Social Worker
34,Cornelle,Skrzynski,cskrzynskix@pagesperso-orange.fr,Female,Software Consultant
35,Melva,Castillou,mcastillouy@seesaa.net,Female,Developer III
36,Matthias,Exelby,mexelbyz@yale.edu,Male,Programmer III
37,Allyson,Limmer,alimmer10@jugem.jp,Female,Nurse Practicioner
38,Ty,Deboick,tdeboick11@europa.eu,Male,Computer Systems Analyst II
39,Milicent,Dollin,mdollin12@arstechnica.com,Female,Civil Engineer
40,Viviana,Dumsday,vdumsday13@gravatar.com,Female,VP Sales
41,Cecil,Dighton,cdighton14@tripadvisor.com,Male,Payment Adjustment Coordinator
42,Cindy,Gommery,cgommery15@noaa.gov,Female,Social Worker
43,Kenton,Betjeman,kbetjeman16@mapy.cz,Male,VP Sales
44,Daniela,Matteacci,dmatteacci17@deliciousdays.com,Non-binary,Quality Control Specialist
45,Drusilla,Lindblom,dlindblom18@senate.gov,Female,Chief Design Engineer
46,Patricia,Gofforth,pgofforth19@nih.gov,Female,Information Systems Manager
47,Itch,Pashbee,ipashbee1a@is.gd,Male,Physical Therapy Assistant
48,Jackqueline,Clotworthy,jclotworthy1b@jalbum.net,Female,Operator
49,Antony,Antoniades,aantoniades1c@ebay.co.uk,Male,Product Engineer
50,Dominic,Raffeorty,draffeorty1d@google.es,Genderfluid,Cost Accountant
51,Vivyan,Lilian,vlilian1e@unblog.fr,Female,Geological Engineer
52,Ingelbert,Van Der Walt,ivanderwalt1f@elpais.com,Male,Speech Pathologist
53,Daren,Pickance,dpickance1g@tiny.cc,Male,Engineer IV
54,Babbette,O'Rafferty,borafferty1h@mediafire.com,Female,Accountant II
55,Jessie,Fritschmann,jfritschmann1i@phpbb.com,Female,Product Engineer
56,Jarid,Crowley,jcrowley1j@tripod.com,Male,Health Coach IV
57,Eloisa,Brittian,ebrittian1k@reddit.com,Female,VP Sales
58,Yorgo,MacCart,ymaccart1l@statcounter.com,Male,Structural Analysis Engineer
59,Betti,Rocca,brocca1m@fema.gov,Non-binary,Developer III
60,Lezlie,Blackadder,lblackadder1n@eventbrite.com,Female,Research Associate
61,Glad,Ianizzi,gianizzi1o@paypal.com,Female,Product Engineer
62,Jarret,Boffin,jboffin1p@walmart.com,Male,Environmental Tech
63,Ronny,Enefer,renefer1q@amazon.de,Female,Executive Secretary
64,Robbert,Garlette,rgarlette1r@tinyurl.com,Male,Community Outreach Specialist
65,Ailsun,Inch,ainch1s@state.tx.us,Female,Clinical Specialist
66,Sibilla,Theobald,stheobald1t@bloglovin.com,Female,Nurse
67,Krissy,Cage,kcage1u@tamu.edu,Female,Tax Accountant
68,Trumann,Creffeild,tcreffeild1v@zimbio.com,Male,Office Assistant IV
69,Bruis,Inchley,binchley1w@unicef.org,Non-binary,Marketing Assistant
70,Even,Aughtie,eaughtie1x@nbcnews.com,Male,Research Assistant I
71,Brand,Flatt,bflatt1y@g.co,Male,Technical Writer
72,Camellia,Coronado,ccoronado1z@japanpost.jp,Female,Nuclear Power Engineer
73,Liz,Skentelbery,lskentelbery20@wordpress.org,Female,Statistician IV
74,Shawna,Embling,sembling21@photobucket.com,Female,Dental Hygienist
75,Bea,Goomes,bgoomes22@goo.gl,Female,Senior Editor
76,Hadlee,Maddrah,hmaddrah23@nationalgeographic.com,Male,Editor
77,Rodd,Ceci,rceci24@imgur.com,Male,Staff Scientist
78,Kurt,Broadway,kbroadway25@deviantart.com,Male,Information Systems Manager
79,Tomasina,Nimmo,tnimmo26@earthlink.net,Female,Clinical Specialist
80,Diannne,Chippindale,dchippindale27@e-recht24.de,Female,Software Test Engineer II
81,Debi,Coopland,dcoopland28@imgur.com,Female,Compensation Analyst
82,Adolpho,Kofax,akofax29@mapy.cz,Male,Budget/Accounting Analyst II
83,Sylvia,Barratt,sbarratt2a@163.com,Female,Human Resources Assistant I
84,Bunnie,Wooddisse,bwooddisse2b@washingtonpost.com,Female,Desktop Support Technician
85,Ardine,Kintzel,akintzel2c@livejournal.com,Female,Librarian
86,Kessiah,Ogley,kogley2d@wikispaces.com,Female,Human Resources Assistant IV
87,Claudianus,Tuckerman,ctuckerman2e@cyberchimps.com,Male,VP Marketing
88,George,Bygott,gbygott2f@nbcnews.com,Female,Senior Sales Associate
89,Aubrey,Rivenzon,arivenzon2g@theatlantic.com,Male,Chemical Engineer
90,Nikkie,Batha,nbatha2h@opera.com,Female,Nuclear Power Engineer
91,Cammi,Hrycek,chrycek2i@1688.com,Female,Sales Associate
92,Rani,Dorber,rdorber2j@dedecms.com,Female,Sales Associate
93,Bill,Chetwin,bchetwin2k@examiner.com,Female,Occupational Therapist
94,Kizzie,Sherlaw,ksherlaw2l@java.com,Non-binary,Help Desk Technician
95,Tabbi,Dahlborg,tdahlborg2m@nps.gov,Female,Operator
96,Ripley,Ferrarini,rferrarini2n@is.gd,Male,Tax Accountant
97,Toby,Stirman,tstirman2o@yellowbook.com,Male,Assistant Professor
98,Nonie,MacKay,nmackay2p@google.ca,Female,Geological Engineer
99,Stefan,Hucklesby,shucklesby2q@last.fm,Male,Recruiter
100,Pasquale,Shrimptone,pshrimptone2r@smh.com.au,Male,Geological Engineer
101,Anson,Brownsea,abrownsea2s@go.com,Genderqueer,Senior Editor
102,Wallas,Crack,wcrack2t@yandex.ru,Genderqueer,Civil Engineer
103,Rustie,Megainey,rmegainey2u@canalblog.com,Male,Web Developer III
104,Borg,Potten,bpotten2v@mediafire.com,Male,Associate Professor
105,Cacilie,Jex,cjex2w@studiopress.com,Female,Community Outreach Specialist
106,Lishe,Madison,lmadison2x@ning.com,Genderfluid,Database Administrator II
107,Myrle,Zanutti,mzanutti2y@sakura.ne.jp,Female,Desktop Support Technician
108,Birk,Heaven,bheaven2z@fda.gov,Male,Social Worker
109,Melisande,Margram,mmargram30@gravatar.com,Female,Quality Control Specialist
110,Tyrus,Oakenfull,toakenfull31@hatena.ne.jp,Male,Senior Cost Accountant
111,Joannes,Tong,jtong32@google.co.jp,Female,Assistant Media Planner
112,Christabella,Lark,clark33@ucoz.ru,Female,Cost Accountant
113,Zelda,Shillingford,zshillingford34@pbs.org,Female,Nurse Practicioner
114,Dominica,Doctor,ddoctor35@dailymail.co.uk,Female,Tax Accountant
115,Tome,Serrier,tserrier36@paypal.com,Male,Civil Engineer
116,Crissy,Aspey,caspey37@businesswire.com,Female,Senior Financial Analyst
117,Mel,O'Rodane,morodane38@ft.com,Non-binary,Senior Cost Accountant
118,Kat,Coorington,kcoorington39@spiegel.de,Female,Developer IV
119,Abe,Schoales,aschoales3a@google.es,Male,Human Resources Assistant II
120,Woodman,Ropking,wropking3b@epa.gov,Polygender,Assistant Manager
121,Binni,Durman,bdurman3c@example.com,Female,Computer Systems Analyst III
122,Roxine,Lemoir,rlemoir3d@ucsd.edu,Female,Administrative Assistant IV
123,Rutter,Vallintine,rvallintine3e@w3.org,Male,Senior Developer
124,Gregorius,Sabater,gsabater3f@weebly.com,Genderqueer,Cost Accountant
125,Arnold,Thies,athies3g@marketwatch.com,Male,Senior Sales Associate
126,Tyler,Summerhayes,tsummerhayes3h@t-online.de,Polygender,Account Representative I
127,Jamison,Tym,jtym3i@xing.com,Male,Internal Auditor
128,Shandeigh,Keener,skeener3j@soundcloud.com,Female,Structural Engineer
129,Estell,Wims,ewims3k@edublogs.org,Female,Data Coordinator
130,Harley,MacPeake,hmacpeake3l@domainmarket.com,Female,Senior Editor
131,Viva,Elward,velward3m@angelfire.com,Female,Computer Systems Analyst IV
132,Tabbatha,Moyser,tmoyser3n@twitter.com,Genderfluid,Civil Engineer
133,Shaine,Inworth,sinworth3o@ft.com,Genderfluid,Account Executive
134,Sunshine,Januszkiewicz,sjanuszkiewicz3p@hibu.com,Female,Sales Representative
135,Pearle,Varley,pvarley3q@skype.com,Female,Human Resources Assistant II
136,Dorice,Letixier,dletixier3r@loc.gov,Agender,General Manager
137,Rosabelle,Mougin,rmougin3s@reuters.com,Female,Accountant II
138,Claudette,Loveday,cloveday3t@google.de,Female,Web Developer II
139,Isador,Filchakov,ifilchakov3u@clickbank.net,Male,Senior Developer
140,Philip,de Quesne,pdequesne3v@usa.gov,Male,Assistant Manager
141,Cort,Thomke,cthomke3w@squarespace.com,Male,Teacher
142,Genna,Swaine,gswaine3x@ifeng.com,Female,Geologist I
143,Liva,Doughtery,ldoughtery3y@t-online.de,Female,Analog Circuit Design manager
144,Rhodie,Schruyers,rschruyers3z@time.com,Female,Speech Pathologist
145,Brandy,Drinan,bdrinan40@tmall.com,Male,Account Representative III
146,Mella,Cauldfield,mcauldfield41@princeton.edu,Agender,Mechanical Systems Engineer
147,Arel,Wethered,awethered42@meetup.com,Non-binary,Staff Accountant II
148,Rhianon,Berdale,rberdale43@upenn.edu,Female,Senior Editor
149,Blake,Magor,bmagor44@flickr.com,Male,Actuary
150,Fredi,Buffin,fbuffin45@howstuffworks.com,Female,Programmer III
151,Palmer,Jore,pjore46@ucsd.edu,Male,Administrative Officer
152,Bernelle,Sandeman,bsandeman47@biglobe.ne.jp,Female,Senior Editor
153,Clary,Maccree,cmaccree48@home.pl,Female,Nuclear Power Engineer
154,Clotilda,Bento,cbento49@tinyurl.com,Female,Tax Accountant
155,Conchita,Burns,cburns4a@stumbleupon.com,Female,VP Marketing
156,Hubie,Chatteris,hchatteris4b@ucla.edu,Male,Paralegal
157,Ramonda,Jennaroy,rjennaroy4c@house.gov,Female,Product Engineer
158,Colette,Gogan,cgogan4d@addthis.com,Female,Engineer III
159,Link,Laughton,llaughton4e@wikispaces.com,Male,Chief Design Engineer
160,Dyna,Gallimore,dgallimore4f@yale.edu,Female,Automation Specialist IV
161,Corny,Imos,cimos4g@state.gov,Male,Geological Engineer
162,Tani,Haydney,thaydney4h@webnode.com,Female,Accountant I
163,Davin,De Bischop,ddebischop4i@loc.gov,Male,Graphic Designer
164,Lodovico,Bidder,lbidder4j@etsy.com,Male,Editor
165,Rogerio,Coulman,rcoulman4k@list-manage.com,Male,Account Representative III
166,Wainwright,Moizer,wmoizer4l@altervista.org,Male,Executive Secretary
167,Rowena,Meake,rmeake4m@deviantart.com,Female,Civil Engineer
168,Ahmad,Brehaut,abrehaut4n@smh.com.au,Male,Human Resources Assistant I
169,Hobard,Kenrack,hkenrack4o@ehow.com,Male,Marketing Assistant
170,Cecilio,Simmonett,csimmonett4p@biblegateway.com,Bigender,Assistant Media Planner
171,Herby,Gimblett,hgimblett4q@phoca.cz,Male,Programmer IV
172,Marris,Meredyth,mmeredyth4r@alexa.com,Female,Teacher
173,Paulo,Fentem,pfentem4s@ustream.tv,Male,Media Manager III
174,Blair,Ianni,bianni4t@ox.ac.uk,Agender,Administrative Assistant IV
175,Nobe,Haensel,nhaensel4u@is.gd,Genderfluid,Executive Secretary
176,Lorianna,Wolfendale,lwolfendale4v@opensource.org,Female,Human Resources Assistant II
177,Kristoffer,Readwing,kreadwing4w@sitemeter.com,Male,Speech Pathologist
178,Lorette,Curphey,lcurphey4x@nba.com,Female,Administrative Assistant II
179,Adelbert,Whitford,awhitford4y@bing.com,Male,Tax Accountant
180,Gonzalo,Overington,goverington4z@boston.com,Male,Research Nurse
181,Alethea,Illston,aillston50@army.mil,Female,Staff Accountant II
182,Martin,Larrat,mlarrat51@microsoft.com,Male,Community Outreach Specialist
183,Elene,MacNalley,emacnalley52@oakley.com,Genderfluid,Software Engineer II
184,Kasper,Dulson,kdulson53@paginegialle.it,Male,Geological Engineer
185,Julian,Svanini,jsvanini54@comsenz.com,Polygender,Analog Circuit Design manager
186,Enid,Snowling,esnowling55@altervista.org,Bigender,Technical Writer
187,Xena,Callam,xcallam56@ask.com,Female,Computer Systems Analyst III
188,Guthry,Brearley,gbrearley57@flickr.com,Male,Developer I
189,Karney,Pie,kpie58@unc.edu,Male,Staff Accountant I
190,Tamera,Cristofolo,tcristofolo59@yahoo.com,Female,Quality Control Specialist
191,Fletch,Brereton,fbrereton5a@bandcamp.com,Male,Paralegal
192,Tova,Readitt,treaditt5b@bloomberg.com,Female,Programmer II
193,Debor,Roland,droland5c@loc.gov,Female,Financial Advisor
194,Aurilia,Crehan,acrehan5d@hugedomains.com,Female,Research Associate
195,Katheryn,Rennox,krennox5e@ibm.com,Female,Teacher
196,Dov,Skullet,dskullet5f@surveymonkey.com,Male,VP Sales
197,Ailyn,Stormonth,astormonth5g@blogtalkradio.com,Female,Electrical Engineer
198,Woodie,Darter,wdarter5h@vimeo.com,Male,Compensation Analyst
199,Felicio,Butterfill,fbutterfill5i@jugem.jp,Male,Financial Advisor
200,Arda,Souster,asouster5j@live.com,Female,Senior Developer
201,Jackelyn,Hardan,jhardan5k@oakley.com,Female,Staff Scientist
202,Leena,Stayte,lstayte5l@geocities.jp,Female,Web Designer I
203,Suki,Gummer,sgummer5m@bloglovin.com,Female,Staff Scientist
204,Jerri,Arstingall,jarstingall5n@topsy.com,Male,Pharmacist
205,Chaddie,Dedden,cdedden5o@china.com.cn,Male,Accounting Assistant II
206,Bat,Topp,btopp5p@census.gov,Male,Administrative Officer
207,Aluino,Maddicks,amaddicks5q@columbia.edu,Male,Office Assistant III
208,Roth,Rate,rrate5r@npr.org,Male,Marketing Manager
209,Ceciley,Onions,conions5s@infoseek.co.jp,Female,Biostatistician II
210,Perry,Bullocke,pbullocke5t@bigcartel.com,Male,Senior Sales Associate
211,Pandora,Poacher,ppoacher5u@irs.gov,Female,Compensation Analyst
212,Erv,Aggiss,eaggiss5v@guardian.co.uk,Genderqueer,Research Assistant II
213,Ingram,Worge,iworge5w@miitbeian.gov.cn,Male,VP Quality Control
214,Brendin,Seeds,bseeds5x@wufoo.com,Male,Environmental Specialist
215,Holden,Poizer,hpoizer5y@elpais.com,Male,Account Coordinator
216,Merridie,Beldam,mbeldam5z@omniture.com,Female,General Manager
217,Josepha,Phelip,jphelip60@geocities.com,Female,Assistant Manager
218,Wynn,Finnemore,wfinnemore61@walmart.com,Male,Assistant Professor
219,Karlis,Ferres,kferres62@google.it,Male,Chemical Engineer
220,Antons,Grasser,agrasser63@umich.edu,Male,Community Outreach Specialist
221,Onofredo,Rawnsley,orawnsley64@domainmarket.com,Male,Legal Assistant
222,Leisha,Tosney,ltosney65@shareasale.com,Female,Financial Advisor
223,Curcio,Neljes,cneljes66@si.edu,Male,Senior Developer
224,Terrijo,Balsdon,tbalsdon67@meetup.com,Female,Research Associate
225,Kristina,Himsworth,khimsworth68@google.com.au,Genderfluid,Project Manager
226,Hart,Keats,hkeats69@edublogs.org,Male,Structural Analysis Engineer
227,Joanne,Dimbylow,jdimbylow6a@ning.com,Female,Web Developer II
228,Filmer,Tackell,ftackell6b@fema.gov,Male,Assistant Manager
229,Darrick,Readwin,dreadwin6c@exblog.jp,Male,Statistician I
230,Delmer,Mattevi,dmattevi6d@virginia.edu,Male,Web Developer II
231,Sofia,Dowell,sdowell6e@vkontakte.ru,Female,Social Worker
232,Carline,Benoi,cbenoi6f@instagram.com,Genderqueer,Registered Nurse
233,Beaufort,Summerhayes,bsummerhayes6g@bravesites.com,Male,Dental Hygienist
234,Faina,Lantry,flantry6h@fema.gov,Female,Research Associate
235,Rowe,Absolon,rabsolon6i@wikimedia.org,Female,Payment Adjustment Coordinator
236,Cleve,Bucher,cbucher6j@yellowbook.com,Male,Nurse
237,Grata,O'Scollee,goscollee6k@ehow.com,Female,Marketing Assistant
238,Merv,Hailey,mhailey6l@washingtonpost.com,Male,Dental Hygienist
239,Aloysia,Standring,astandring6m@unc.edu,Female,Compensation Analyst
240,Collete,Colebrook,ccolebrook6n@reuters.com,Female,Technical Writer
241,Jermaine,Readhead,jreadhead6o@microsoft.com,Female,Developer I
242,Sela,Tanner,stanner6p@domainmarket.com,Female,Accountant I
243,Hendrika,Dykins,hdykins6q@elpais.com,Female,Registered Nurse
244,Mari,Bearns,mbearns6r@china.com.cn,Female,Environmental Tech
245,Dania,Crocombe,dcrocombe6s@microsoft.com,Female,Structural Engineer
246,Blinnie,De Domenicis,bdedomenicis6t@webmd.com,Genderqueer,Software Engineer IV
247,Quintin,McKinnell,qmckinnell6u@plala.or.jp,Genderfluid,Actuary
248,Dara,Kringe,dkringe6v@nhs.uk,Female,Environmental Specialist
249,Alaster,Smithson,asmithson6w@noaa.gov,Male,Geological Engineer
250,Stirling,Meiner,smeiner6x@rakuten.co.jp,Male,Technical Writer
251,Wilbert,Mazzilli,wmazzilli6y@hc360.com,Male,Senior Sales Associate
252,Laure,Hallibone,lhallibone6z@boston.com,Female,Community Outreach Specialist
253,Loleta,Glanert,lglanert70@reddit.com,Female,Financial Advisor
254,Jilli,McGillreich,jmcgillreich71@bloglines.com,Agender,Web Designer IV
255,Merridie,Sidary,msidary72@nbcnews.com,Female,Analog Circuit Design manager
256,Yetty,Daniaud,ydaniaud73@google.com,Female,Chief Design Engineer
257,Isabelita,Norton,inorton74@about.com,Female,Teacher
258,Patton,Lively,plively75@merriam-webster.com,Male,Structural Analysis Engineer
259,Gleda,Caltun,gcaltun76@shareasale.com,Female,Executive Secretary
260,Tybie,Beves,tbeves77@skyrock.com,Female,Structural Engineer
261,Arlin,Brigden,abrigden78@privacy.gov.au,Male,Legal Assistant
262,Stirling,Chadwen,schadwen79@chron.com,Male,Financial Analyst
263,Aarika,Leyban,aleyban7a@google.pl,Female,Social Worker
264,Barrie,McBeath,bmcbeath7b@infoseek.co.jp,Female,Senior Quality Engineer
265,Marlo,Zellick,mzellick7c@indiatimes.com,Male,Sales Representative
266,Wilone,Tollfree,wtollfree7d@icio.us,Female,Quality Engineer
267,Gonzales,Clemence,gclemence7e@hubpages.com,Male,Structural Analysis Engineer
268,Risa,Harradence,rharradence7f@businessinsider.com,Female,Database Administrator III
269,Wallie,Bremmell,wbremmell7g@upenn.edu,Male,Project Manager
270,Chery,Forsyde,cforsyde7h@foxnews.com,Female,Environmental Specialist
271,Jerry,Portwain,jportwain7i@google.co.uk,Male,VP Sales
272,Shirl,Nelsey,snelsey7j@harvard.edu,Female,Speech Pathologist
273,Ludvig,MacLucais,lmaclucais7k@vistaprint.com,Male,Clinical Specialist
274,Gloriane,Manntschke,gmanntschke7l@moonfruit.com,Female,Web Designer IV
275,Stanleigh,Kleinerman,skleinerman7m@fema.gov,Male,Analyst Programmer
276,Shelton,Tevelov,stevelov7n@myspace.com,Male,Environmental Specialist
277,Kristal,Bayldon,kbayldon7o@google.pl,Female,Nurse Practicioner
278,Henrietta,Fourmy,hfourmy7p@devhub.com,Female,Programmer II
279,Garrett,Widmore,gwidmore7q@blogspot.com,Male,Help Desk Operator
280,Zilvia,Gaynes,zgaynes7r@yandex.ru,Agender,Sales Representative
281,Joela,Sakins,jsakins7s@mac.com,Female,Sales Associate
282,Andris,Yong,ayong7t@chicagotribune.com,Male,Registered Nurse
283,Torrence,Taberer,ttaberer7u@miitbeian.gov.cn,Male,Structural Engineer
284,Egon,Edlyne,eedlyne7v@wikimedia.org,Male,Senior Sales Associate
285,Drusi,Schole,dschole7w@live.com,Female,Chemical Engineer
286,Morey,Humbles,mhumbles7x@comsenz.com,Male,Marketing Manager
287,Fidelio,Groombridge,fgroombridge7y@google.com.br,Male,Pharmacist
288,Gayla,Giametti,ggiametti7z@lycos.com,Female,Senior Cost Accountant
289,Silvan,Nowaczyk,snowaczyk80@infoseek.co.jp,Male,Staff Accountant III
290,Anthony,Landy,alandy81@flavors.me,Male,Recruiting Manager
291,Cyndie,Broomhead,cbroomhead82@sohu.com,Female,Librarian
292,Brig,Twining,btwining83@jigsy.com,Male,Structural Engineer
293,Wilburt,McDougle,wmcdougle84@vistaprint.com,Male,Administrative Officer
294,Brendan,Billsberry,bbillsberry85@answers.com,Male,Business Systems Development Analyst
295,Verina,Haeslier,vhaeslier86@delicious.com,Female,Help Desk Operator
296,Cherilynn,Lakeman,clakeman87@jugem.jp,Female,Nuclear Power Engineer
297,Francklin,Tousey,ftousey88@intel.com,Male,Social Worker
298,Durand,Cayser,dcayser89@fastcompany.com,Genderfluid,Research Nurse
299,Tamma,Alsobrook,talsobrook8a@npr.org,Female,Office Assistant III
300,Karlotta,Meachen,kmeachen8b@sitemeter.com,Female,VP Marketing
301,Herman,Crut,hcrut8c@tinyurl.com,Male,Analyst Programmer
302,Rodger,Ingman,ringman8d@ezinearticles.com,Male,Geologist II
303,Ingra,Dankov,idankov8e@prweb.com,Male,Editor
304,Olivette,Cahan,ocahan8f@nationalgeographic.com,Female,General Manager
305,Granny,Abden,gabden8g@latimes.com,Genderfluid,Data Coordinator
306,Flora,Mendenhall,fmendenhall8h@dot.gov,Female,Senior Financial Analyst
307,Normand,Spencers,nspencers8i@bloomberg.com,Male,Accountant III
308,Marlon,Ladyman,mladyman8j@amazon.de,Male,Help Desk Operator
309,Orran,Tither,otither8k@oracle.com,Male,Operator
310,Sly,Ladon,sladon8l@newsvine.com,Male,Operator
311,North,Jowle,njowle8m@slideshare.net,Male,VP Sales
312,Larissa,Bonnaire,lbonnaire8n@meetup.com,Female,Nurse
313,Ellerey,Baylie,ebaylie8o@businessweek.com,Male,VP Product Management
314,Mattias,Pickering,mpickering8p@discuz.net,Genderqueer,Teacher
315,Aubrette,Jentle,ajentle8q@bloglines.com,Female,Chief Design Engineer
316,Woodie,Gynne,wgynne8r@irs.gov,Male,Tax Accountant
317,Trumann,Solley,tsolley8s@pagesperso-orange.fr,Male,Statistician III
318,Farleigh,Oldcroft,foldcroft8t@princeton.edu,Male,Media Manager IV
319,Anestassia,Kynaston,akynaston8u@plala.or.jp,Female,Recruiter
320,Marysa,Downton,mdownton8v@chron.com,Female,Recruiter
321,Tammie,Gurnett,tgurnett8w@topsy.com,Male,Librarian
322,Dov,Capitano,dcapitano8x@nytimes.com,Male,Staff Accountant III
323,Guthry,Andriesse,gandriesse8y@parallels.com,Male,Quality Engineer
324,Samuele,Ladley,sladley8z@toplist.cz,Male,Payment Adjustment Coordinator
325,Cecilio,Bruyntjes,cbruyntjes90@usgs.gov,Male,Budget/Accounting Analyst I
326,Sheryl,Hanscombe,shanscombe91@addtoany.com,Female,Marketing Manager
327,Tamar,Nicolls,tnicolls92@ca.gov,Female,Senior Financial Analyst
328,Toiboid,Cawthra,tcawthra93@51.la,Male,Administrative Officer
329,Stormy,Brierly,sbrierly94@gov.uk,Female,Executive Secretary
330,Diann,Wykey,dwykey95@reference.com,Female,Assistant Media Planner
331,Allister,Dulinty,adulinty96@1688.com,Male,Registered Nurse
332,Perry,Barracks,pbarracks97@icio.us,Female,Systems Administrator III
333,Darnall,Dongles,ddongles98@discovery.com,Male,Assistant Professor
334,Wolfy,Stubbings,wstubbings99@toplist.cz,Male,Human Resources Manager
335,Kristien,Crop,kcrop9a@livejournal.com,Female,Dental Hygienist
336,Theresita,Doram,tdoram9b@skype.com,Genderqueer,Web Developer I
337,Idell,MacDavitt,imacdavitt9c@biblegateway.com,Female,Administrative Assistant II
338,Ezekiel,Shelmardine,eshelmardine9d@scribd.com,Male,Associate Professor
339,Roxine,Ferrige,rferrige9e@tuttocitta.it,Female,Help Desk Technician
340,Duffie,Longmire,dlongmire9f@bing.com,Male,Media Manager IV
341,Meyer,Wressell,mwressell9g@dyndns.org,Male,Librarian
342,Jereme,Bernadzki,jbernadzki9h@altervista.org,Male,Health Coach III
343,Xylia,Whitehead,xwhitehead9i@wp.com,Genderfluid,Engineer II
344,Armin,Caron,acaron9j@privacy.gov.au,Male,Systems Administrator III
345,Micah,Caselli,mcaselli9k@deviantart.com,Male,Actuary
346,Jedd,Lacy,jlacy9l@comsenz.com,Male,Structural Analysis Engineer
347,Cherianne,Hembery,chembery9m@nba.com,Female,Physical Therapy Assistant
348,Quincey,Gerald,qgerald9n@purevolume.com,Male,Tax Accountant
349,Correna,Dabes,cdabes9o@blogspot.com,Female,Cost Accountant
350,Bren,Ducham,bducham9p@tripod.com,Male,Desktop Support Technician
351,Dolorita,McGannon,dmcgannon9q@telegraph.co.uk,Female,Pharmacist
352,Blayne,Karolowski,bkarolowski9r@vk.com,Male,Nurse Practicioner
353,Adrea,Sayse,asayse9s@comsenz.com,Female,VP Quality Control
354,Jacenta,Zavattero,jzavattero9t@dailymail.co.uk,Female,Biostatistician I
355,Dilly,Alexsandrov,dalexsandrov9u@jigsy.com,Male,Chemical Engineer
356,Clarinda,Shillum,cshillum9v@amazon.de,Female,Assistant Manager
357,Ree,Valenti,rvalenti9w@pen.io,Female,Human Resources Manager
358,Ruperto,Puttick,rputtick9x@mozilla.org,Male,Computer Systems Analyst IV
359,Sara,Dominicacci,sdominicacci9y@flavors.me,Female,Geological Engineer
360,Godwin,Maruska,gmaruska9z@craigslist.org,Male,Recruiter
361,Traver,Porritt,tporritta0@usnews.com,Male,Senior Developer
362,Viviene,Guido,vguidoa1@simplemachines.org,Female,Automation Specialist II
363,Cam,Gisburn,cgisburna2@parallels.com,Female,Design Engineer
364,Sansone,Hawkswood,shawkswooda3@discovery.com,Male,Pharmacist
365,Shina,Ealles,seallesa4@sun.com,Female,Biostatistician IV
366,Davon,Dachey,ddacheya5@ehow.com,Male,Quality Engineer
367,Onofredo,Huke,ohukea6@globo.com,Male,Database Administrator I
368,Far,Martinetto,fmartinettoa7@indiegogo.com,Male,Nurse Practicioner
369,Melony,Chestney,mchestneya8@un.org,Female,VP Product Management
370,Loleta,Lenox,llenoxa9@usa.gov,Female,General Manager
371,Missie,Haighton,mhaightonaa@msu.edu,Female,Staff Scientist
372,Barron,Watling,bwatlingab@hatena.ne.jp,Male,Human Resources Assistant I
373,Alvina,Monger,amongerac@bandcamp.com,Female,Recruiting Manager
374,Josey,Gleave,jgleavead@goo.ne.jp,Genderqueer,Senior Developer
375,Neely,Fowles,nfowlesae@opera.com,Female,Senior Sales Associate
376,Klara,Lauridsen,klauridsenaf@nps.gov,Female,Electrical Engineer
377,Minta,Barrow,mbarrowag@twitter.com,Female,VP Marketing
378,Cyrus,Urrey,curreyah@lulu.com,Male,Human Resources Manager
379,Gert,Moncur,gmoncurai@huffingtonpost.com,Female,Senior Sales Associate
380,Findlay,Carding,fcardingaj@newyorker.com,Male,Software Consultant
381,Babbette,Sanbrook,bsanbrookak@blinklist.com,Female,Staff Scientist
382,Kristin,Arzu,karzual@google.ru,Female,Sales Representative
383,Karna,Josefsson,kjosefssonam@weebly.com,Female,Safety Technician II
384,Vivianna,Fanthome,vfanthomean@goo.ne.jp,Female,Paralegal
385,Alessandra,Frears,afrearsao@goo.ne.jp,Female,Junior Executive
386,Martica,Espley,mespleyap@ycombinator.com,Female,Structural Analysis Engineer
387,Skyler,Dusting,sdustingaq@about.me,Male,Geologist I
388,Jocelyn,Vaughn,jvaughnar@unicef.org,Female,Quality Engineer
389,Ketty,Ream,kreamas@nyu.edu,Female,Senior Financial Analyst
390,Torey,Pargeter,tpargeterat@live.com,Male,Environmental Tech
391,Rad,Hun,rhunau@123-reg.co.uk,Polygender,Legal Assistant
392,Iolande,Bilbey,ibilbeyav@netlog.com,Female,Senior Developer
393,Keane,Unthank,kunthankaw@reuters.com,Male,Accounting Assistant I
394,Gusta,Wyllcock,gwyllcockax@alibaba.com,Female,Nurse
395,Karlen,Clowser,kclowseray@weibo.com,Female,Community Outreach Specialist
396,Elbert,Ahmed,eahmedaz@ca.gov,Male,Senior Developer
397,Jaye,Djordjevic,jdjordjevicb0@npr.org,Male,VP Sales
398,Fletcher,Bianco,fbiancob1@pen.io,Male,Actuary
399,Vida,Peaker,vpeakerb2@un.org,Female,Senior Cost Accountant
400,Tammara,Bascomb,tbascombb3@t.co,Female,Tax Accountant
401,Kimball,MacDiarmid,kmacdiarmidb4@indiegogo.com,Male,Media Manager III
402,Allard,Biaggioli,abiaggiolib5@cnbc.com,Male,Quality Control Specialist
403,Mureil,Trebble,mtrebbleb6@noaa.gov,Female,Physical Therapy Assistant
404,Marijn,Laidlow,mlaidlowb7@yandex.ru,Agender,Health Coach III
405,Conn,Thresh,cthreshb8@macromedia.com,Male,Sales Representative
406,Duke,Wallace,dwallaceb9@google.pl,Agender,VP Marketing
407,Beatrice,Pearson,bpearsonba@ehow.com,Female,Software Test Engineer I
408,Myrle,Myford,mmyfordbb@wix.com,Female,Speech Pathologist
409,Ardis,Mellanby,amellanbybc@oakley.com,Female,Web Developer III
410,Leontine,Burnsyde,lburnsydebd@bbc.co.uk,Female,Environmental Tech
411,Brynn,Wooster,bwoosterbe@google.ca,Female,Senior Quality Engineer
412,Rupert,Bellwood,rbellwoodbf@msu.edu,Male,Human Resources Assistant IV
413,Lynda,Bruyntjes,lbruyntjesbg@toplist.cz,Female,Help Desk Technician
414,Ruthe,Brussels,rbrusselsbh@wiley.com,Genderfluid,Electrical Engineer
415,Vachel,Gostling,vgostlingbi@unicef.org,Genderfluid,Associate Professor
416,Dev,Elstub,delstubbj@hibu.com,Male,Financial Analyst
417,Billy,Fegan,bfeganbk@dailymotion.com,Male,Computer Systems Analyst I
418,Ada,Mowlam,amowlambl@google.co.jp,Female,Recruiter
419,Roi,Askham,raskhambm@prlog.org,Male,Structural Analysis Engineer
420,Renaldo,Pickover,rpickoverbn@simplemachines.org,Male,Teacher
421,Darleen,Bulbeck,dbulbeckbo@imdb.com,Female,Account Executive
422,Tamma,Picheford,tpichefordbp@mac.com,Female,Structural Engineer
423,Sam,Emor,semorbq@geocities.com,Male,Quality Control Specialist
424,Jean,Sowter,jsowterbr@imageshack.us,Female,Professor
425,Dell,Kinforth,dkinforthbs@pcworld.com,Female,Internal Auditor
426,Ginevra,Garry,ggarrybt@elegantthemes.com,Female,Analog Circuit Design manager
427,Cicely,Airton,cairtonbu@is.gd,Female,Recruiter
428,Madelene,Dilks,mdilksbv@jigsy.com,Female,Environmental Specialist
429,Phillis,Aucoate,paucoatebw@feedburner.com,Bigender,Associate Professor
430,Deina,Berwick,dberwickbx@opera.com,Female,Software Test Engineer I
431,Jabez,Egdal,jegdalby@merriam-webster.com,Male,Account Coordinator
432,Alecia,Forber,aforberbz@cafepress.com,Female,Business Systems Development Analyst
433,Langston,Pitcaithly,lpitcaithlyc0@weebly.com,Male,Pharmacist
434,Cam,MacCaughan,cmaccaughanc1@nps.gov,Male,Staff Scientist
435,Ellyn,Evetts,eevettsc2@eventbrite.com,Polygender,Business Systems Development Analyst
436,Grenville,Warboy,gwarboyc3@dropbox.com,Male,Product Engineer
437,Margareta,Blodget,mblodgetc4@altervista.org,Female,Librarian
438,Shannan,Challener,schallenerc5@pagesperso-orange.fr,Male,Human Resources Assistant III
439,Bob,O'Donovan,bodonovanc6@stanford.edu,Male,Accounting Assistant IV
440,Drud,Kliemke,dkliemkec7@pcworld.com,Male,Director of Sales
441,Mariya,Shill,mshillc8@gravatar.com,Female,Project Manager
442,Caleb,Vanyarkin,cvanyarkinc9@fastcompany.com,Male,Pharmacist
443,Euphemia,Tookey,etookeyca@sourceforge.net,Agender,Tax Accountant
444,Nani,Scimonelli,nscimonellicb@digg.com,Female,Analog Circuit Design manager
445,Mylo,Vittori,mvittoricc@godaddy.com,Male,Graphic Designer
446,Angelica,Wilmore,awilmorecd@shinystat.com,Female,Clinical Specialist
447,Egon,Lawes,elawesce@jigsy.com,Male,Electrical Engineer
448,Noami,Mayow,nmayowcf@zimbio.com,Bigender,Information Systems Manager
449,Eddy,Fridd,efriddcg@jalbum.net,Female,Legal Assistant
450,Heriberto,Di Biaggi,hdibiaggich@jiathis.com,Male,Electrical Engineer
451,Towney,Lasty,tlastyci@cornell.edu,Male,Accounting Assistant II
452,Elset,Folliott,efolliottcj@tinypic.com,Female,Speech Pathologist
453,Adelle,Warfield,awarfieldck@archive.org,Genderqueer,Physical Therapy Assistant
454,Tanner,Zannini,tzanninicl@mapy.cz,Male,Human Resources Manager
455,Benita,Gilardoni,bgilardonicm@biglobe.ne.jp,Female,Project Manager
456,Kelli,Boord,kboordcn@craigslist.org,Female,Analyst Programmer
457,Cassius,Shedd,csheddco@reuters.com,Agender,Marketing Manager
458,Amerigo,Ruoss,aruosscp@youku.com,Male,Senior Financial Analyst
459,Jake,Schult,jschultcq@creativecommons.org,Male,Systems Administrator I
460,Bernadina,McGuff,bmcguffcr@cocolog-nifty.com,Female,Teacher
461,Neil,Corroyer,ncorroyercs@about.com,Male,Internal Auditor
462,Debby,Perroni,dperronict@digg.com,Polygender,Assistant Professor
463,Gasparo,Sawford,gsawfordcu@tinyurl.com,Male,Computer Systems Analyst IV
464,Les,Yurshev,lyurshevcv@nifty.com,Male,Human Resources Assistant III
465,Tamma,Gameson,tgamesoncw@sphinn.com,Female,Senior Financial Analyst
466,Fitz,Bonhill,fbonhillcx@vinaora.com,Male,Chemical Engineer
467,Brendin,Perkis,bperkiscy@ox.ac.uk,Male,VP Quality Control
468,Deonne,Hubbocks,dhubbockscz@naver.com,Female,Quality Control Specialist
469,Eden,Canepe,ecaneped0@amazonaws.com,Female,Senior Financial Analyst
470,Deni,Copnell,dcopnelld1@geocities.com,Female,Teacher
471,Olvan,Roskilly,oroskillyd2@phoca.cz,Bigender,Design Engineer
472,Goddard,Ronchi,gronchid3@toplist.cz,Male,Analyst Programmer
473,Norine,Jecock,njecockd4@typepad.com,Female,Sales Representative
474,Melinda,Sinyard,msinyardd5@fda.gov,Female,Actuary
475,Tanner,Prettyjohns,tprettyjohnsd6@apache.org,Male,Help Desk Technician
476,Shanna,McDonell,smcdonelld7@google.com.br,Female,Staff Scientist
477,Analise,Cochern,acochernd8@washingtonpost.com,Female,Structural Analysis Engineer
478,Marissa,Kidner,mkidnerd9@smugmug.com,Female,Professor
479,Paulie,Korneichik,pkorneichikda@unesco.org,Male,Information Systems Manager
480,George,Mussetti,gmussettidb@arstechnica.com,Female,Structural Analysis Engineer
481,Wilhelmine,Lissandre,wlissandredc@spotify.com,Female,Assistant Professor
482,Rockwell,Dillintone,rdillintonedd@uol.com.br,Male,Research Associate
483,Bernarr,Puleston,bpulestonde@wix.com,Male,VP Marketing
484,Verena,Faulks,vfaulksdf@bbc.co.uk,Non-binary,Data Coordinator
485,Rory,Sykora,rsykoradg@php.net,Male,Tax Accountant
486,Marissa,Trehearne,mtrehearnedh@sun.com,Bigender,Nurse Practicioner
487,Karita,Stoddart,kstoddartdi@amazonaws.com,Female,Help Desk Technician
488,Katleen,Conklin,kconklindj@google.cn,Female,General Manager
489,Clare,Dark,cdarkdk@sogou.com,Male,Engineer IV
490,Adelina,Hardern,aharderndl@dedecms.com,Female,Project Manager
491,Marve,Kupper,mkupperdm@aboutads.info,Male,Desktop Support Technician
492,Amby,Scoone,ascoonedn@icio.us,Male,Clinical Specialist
493,Marje,Chipman,mchipmando@unicef.org,Female,Senior Cost Accountant
494,Toiboid,Greenough,tgreenoughdp@spotify.com,Male,Media Manager III
495,Emilee,Theyer,etheyerdq@paginegialle.it,Female,Assistant Manager
496,Felice,Allcorn,fallcorndr@elegantthemes.com,Female,Administrative Assistant I
497,Koo,Olsson,kolssonds@sina.com.cn,Female,Business Systems Development Analyst
498,Wallie,Francescuzzi,wfrancescuzzidt@wsj.com,Male,Senior Financial Analyst
499,Karrie,Bulleyn,kbulleyndu@newsvine.com,Female,Cost Accountant
500,Kathrine,Mallett,kmallettdv@yahoo.co.jp,Female,Marketing Assistant
501,Kylie,Niccolls,kniccollsdw@sohu.com,Female,GIS Technical Architect
502,Elly,McKeady,emckeadydx@youtube.com,Female,Dental Hygienist
503,Estell,Checchetelli,echecchetellidy@plala.or.jp,Female,Accountant II
504,Halimeda,Gerram,hgerramdz@goo.gl,Female,Cost Accountant
505,Caldwell,Josephson,cjosephsone0@buzzfeed.com,Male,Human Resources Manager
506,Elianora,Patmore,epatmoree1@huffingtonpost.com,Female,Project Manager
507,Chic,Foggarty,cfoggartye2@jugem.jp,Male,Developer III
508,Margalit,Lovelady,mloveladye3@cdbaby.com,Female,Pharmacist
509,Lisle,Reiglar,lreiglare4@zdnet.com,Male,Web Designer II
510,Estella,MacIlraith,emacilraithe5@businesswire.com,Female,Environmental Tech
511,Kameko,MacPadene,kmacpadenee6@patch.com,Female,Actuary
512,Betta,Leathe,bleathee7@reddit.com,Female,Staff Scientist
513,Peggy,Lease,pleasee8@cnn.com,Female,Geologist IV
514,Clint,Rushby,crushbye9@rakuten.co.jp,Male,Librarian
515,Ramon,Boick,rboickea@odnoklassniki.ru,Male,Quality Engineer
516,Axe,Arend,aarendeb@state.gov,Genderfluid,Research Assistant II
517,Dalt,Hanbury,dhanburyec@wix.com,Male,Editor
518,Nisse,Kimberly,nkimberlyed@elpais.com,Female,Developer III
519,Rhiamon,Ladlow,rladlowee@typepad.com,Female,Internal Auditor
520,Katee,Domleo,kdomleoef@moonfruit.com,Female,Systems Administrator IV
521,Kasper,Fotherby,kfotherbyeg@hibu.com,Male,Accounting Assistant I
522,Bianca,Pringuer,bpringuereh@ifeng.com,Female,VP Sales
523,Briana,Grog,bgrogei@java.com,Female,Biostatistician IV
524,Otis,Tock,otockej@wsj.com,Male,VP Product Management
525,Bronson,McCreary,bmccrearyek@weebly.com,Male,Staff Scientist
526,Thedric,Benner,tbennerel@businessinsider.com,Male,Marketing Manager
527,Jesselyn,Aslam,jaslamem@wiley.com,Female,Physical Therapy Assistant
528,Steve,Erie,serieen@spotify.com,Male,Database Administrator IV
529,Bucky,Doole,bdooleeo@symantec.com,Male,Research Assistant I
530,Orville,Guidelli,oguidelliep@creativecommons.org,Male,General Manager
531,Waldon,Ox,woxeq@soundcloud.com,Male,Office Assistant II
532,Wendy,Flinders,wflinderser@fc2.com,Female,Marketing Assistant
533,Nefen,Toth,ntothes@amazon.co.jp,Male,Programmer I
534,Ignaz,Habbijam,ihabbijamet@census.gov,Agender,Research Associate
535,Thomasin,Kenford,tkenfordeu@usa.gov,Female,Data Coordinator
536,Hagen,Capozzi,hcapozziev@washington.edu,Male,Health Coach I
537,Rurik,Ramlot,rramlotew@xinhuanet.com,Non-binary,Account Representative I
538,Pamelina,Matzen,pmatzenex@chicagotribune.com,Bigender,Senior Developer
539,Doroteya,Costigan,dcostiganey@noaa.gov,Female,Legal Assistant
540,Glenda,Bownd,gbowndez@geocities.com,Genderfluid,Physical Therapy Assistant
541,Zolly,Fiennes,zfiennesf0@google.co.uk,Male,Social Worker
542,Ephrayim,Scaplehorn,escaplehornf1@china.com.cn,Male,Internal Auditor
543,Tedi,Chrispin,tchrispinf2@drupal.org,Female,VP Marketing
544,Elvyn,Lobb,elobbf3@cloudflare.com,Male,Analog Circuit Design manager
545,Frederic,Bernardoni,fbernardonif4@istockphoto.com,Genderfluid,General Manager
546,Jozef,Frounks,jfrounksf5@php.net,Male,Librarian
547,Billie,Burnhard,bburnhardf6@cdbaby.com,Male,Electrical Engineer
548,Kirstyn,Muccino,kmuccinof7@hc360.com,Female,Environmental Specialist
549,Jennie,Bassam,jbassamf8@ow.ly,Female,Professor
550,Holden,Corselles,hcorsellesf9@businessinsider.com,Male,Office Assistant III
551,Robinson,Vause,rvausefa@xinhuanet.com,Male,Dental Hygienist
552,Fair,Manicomb,fmanicombfb@cafepress.com,Male,Systems Administrator IV
553,Ode,Guiu,oguiufc@blogs.com,Male,Engineer I
554,Lance,Gerwood,lgerwoodfd@buzzfeed.com,Male,Human Resources Manager
555,Micky,Dorot,mdorotfe@google.ru,Male,Speech Pathologist
556,Morgun,Lofty,mloftyff@trellian.com,Male,Structural Engineer
557,Frederic,Ash,fashfg@disqus.com,Male,Mechanical Systems Engineer
558,Jaclyn,Dumbrill,jdumbrillfh@tmall.com,Female,Nuclear Power Engineer
559,Wilhelmina,Hannaford,whannafordfi@tiny.cc,Female,VP Quality Control
560,Leslie,Barti,lbartifj@is.gd,Male,Senior Sales Associate
561,Calypso,Pulham,cpulhamfk@chicagotribune.com,Polygender,Structural Engineer
562,Fairleigh,Carillo,fcarillofl@acquirethisname.com,Male,Physical Therapy Assistant
563,Ainsley,Klimas,aklimasfm@sciencedaily.com,Female,Actuary
564,Junina,Loosemore,jloosemorefn@storify.com,Agender,Computer Systems Analyst III
565,Aubine,Knatt,aknattfo@earthlink.net,Female,Automation Specialist III
566,Madlen,Cornbill,mcornbillfp@guardian.co.uk,Female,Office Assistant II
567,Oran,Rustadge,orustadgefq@example.com,Male,Information Systems Manager
568,Eve,McGinley,emcginleyfr@ucla.edu,Female,VP Quality Control
569,Jere,Heaps,jheapsfs@privacy.gov.au,Male,Sales Representative
570,Lucais,Matskiv,lmatskivft@ycombinator.com,Male,Help Desk Technician
571,Michaeline,Sofe,msofefu@google.com.br,Female,Paralegal
572,Liana,Janda,ljandafv@wordpress.com,Female,Marketing Manager
573,Sal,Estable,sestablefw@blog.com,Female,Environmental Specialist
574,Irvine,McGettigan,imcgettiganfx@csmonitor.com,Male,VP Marketing
575,Mable,Campana,mcampanafy@macromedia.com,Female,Human Resources Assistant I
576,Waldemar,Louth,wlouthfz@yelp.com,Male,Teacher
577,Frederich,Blowen,fbloweng0@epa.gov,Male,Assistant Media Planner
578,Inga,Bertl,ibertlg1@scientificamerican.com,Female,VP Sales
579,Thorpe,Pillifant,tpillifantg2@nationalgeographic.com,Male,Administrative Officer
580,Fancie,Callam,fcallamg3@odnoklassniki.ru,Female,VP Accounting
581,Halimeda,Formie,hformieg4@cisco.com,Female,Community Outreach Specialist
582,Donnell,Hattigan,dhattigang5@foxnews.com,Male,Research Nurse
583,Hiram,Bruinemann,hbruinemanng6@reference.com,Male,Cost Accountant
584,Irena,Sabater,isabaterg7@admin.ch,Female,General Manager
585,Yale,Dofty,ydoftyg8@nationalgeographic.com,Male,Accounting Assistant IV
586,Valaree,Leatham,vleathamg9@google.nl,Female,Recruiter
587,Minne,Cholomin,mcholominga@pinterest.com,Female,Information Systems Manager
588,Chester,Coomes,ccoomesgb@oakley.com,Bigender,VP Accounting
589,Zonda,Degenhardt,zdegenhardtgc@wiley.com,Genderqueer,Analyst Programmer
590,Dante,Ivermee,divermeegd@ihg.com,Non-binary,Pharmacist
591,Dmitri,O'Nolan,donolange@mtv.com,Male,Chemical Engineer
592,Rodge,Misselbrook,rmisselbrookgf@whitehouse.gov,Male,Payment Adjustment Coordinator
593,Enrichetta,Mattisson,emattissongg@joomla.org,Female,Research Nurse
594,Brad,Simeonov,bsimeonovgh@wiley.com,Male,Chief Design Engineer
595,Reagan,Master,rmastergi@gizmodo.com,Male,Legal Assistant
596,Eve,Byrde,ebyrdegj@irs.gov,Female,GIS Technical Architect
597,Clarine,Birley,cbirleygk@so-net.ne.jp,Female,Director of Sales
598,Abagael,Wolstencroft,awolstencroftgl@ftc.gov,Female,Accounting Assistant I
599,Janetta,Discombe,jdiscombegm@aboutads.info,Female,Software Consultant
600,Stevana,Self,sselfgn@photobucket.com,Female,Technical Writer
601,Angelique,Elgy,aelgygo@seesaa.net,Female,General Manager
602,Vittorio,Pringuer,vpringuergp@sogou.com,Male,Nuclear Power Engineer
603,Constanta,Davidescu,cdavidescugq@prlog.org,Female,Environmental Specialist
604,Ellie,Roblin,eroblingr@businessweek.com,Female,Staff Scientist
605,Lilias,Abbot,labbotgs@google.nl,Female,Staff Scientist
606,Elspeth,Cowlam,ecowlamgt@xing.com,Female,Community Outreach Specialist
607,Carlos,Riddel,criddelgu@dion.ne.jp,Male,Executive Secretary
608,Felicdad,Duffield,fduffieldgv@mail.ru,Female,Research Nurse
609,Noni,Mc Pake,nmcpakegw@plala.or.jp,Female,Recruiter
610,Vanni,Findlater,vfindlatergx@army.mil,Agender,Environmental Specialist
611,Peirce,MacKartan,pmackartangy@phpbb.com,Male,Graphic Designer
612,Vite,Bowmen,vbowmengz@google.de,Genderqueer,VP Accounting
613,Munmro,Riddick,mriddickh0@ovh.net,Male,Electrical Engineer
614,Terza,Wippermann,twippermannh1@issuu.com,Female,Desktop Support Technician
615,Thibaud,Joincey,tjoinceyh2@issuu.com,Male,Database Administrator II
616,Therese,Stutard,tstutardh3@who.int,Female,Safety Technician IV
617,Caresa,Cottell,ccottellh4@arstechnica.com,Female,Geologist II
618,Angelia,Hanny,ahannyh5@list-manage.com,Female,Nurse Practicioner
619,Editha,Chandlar,echandlarh6@army.mil,Female,Engineer III
620,Hal,Crowden,hcrowdenh7@cam.ac.uk,Male,Research Assistant I
621,Sofie,Sowray,ssowrayh8@seesaa.net,Female,VP Quality Control
622,Monti,Cleary,mclearyh9@wisc.edu,Male,Media Manager I
623,Cindi,Ree,creeha@hp.com,Female,Internal Auditor
624,Inesita,Avrahamov,iavrahamovhb@wired.com,Female,VP Quality Control
625,Shaun,Muncer,smuncerhc@ucoz.ru,Male,Research Assistant III
626,Sonny,Bohler,sbohlerhd@hubpages.com,Male,Business Systems Development Analyst
627,Fredi,Stollhofer,fstollhoferhe@auda.org.au,Female,Administrative Assistant I
628,Hester,Gamlin,hgamlinhf@nasa.gov,Female,Programmer Analyst IV
629,Linnea,Midgely,lmidgelyhg@tmall.com,Female,Sales Associate
630,Etti,Aberkirder,eaberkirderhh@uiuc.edu,Female,Human Resources Assistant IV
631,Eddi,Connett,econnetthi@blogger.com,Female,Administrative Assistant I
632,Aileen,Pantone,apantonehj@ca.gov,Female,Sales Associate
633,Kimbra,Voff,kvoffhk@mail.ru,Female,Physical Therapy Assistant
634,Felecia,Ceschelli,fceschellihl@jigsy.com,Female,Software Engineer III
635,Addy,Majury,amajuryhm@bloglines.com,Female,Paralegal
636,Ad,Julyan,ajulyanhn@google.ru,Male,Junior Executive
637,Jed,Cornillot,jcornillotho@desdev.cn,Male,Environmental Tech
638,Teena,Moughton,tmoughtonhp@foxnews.com,Female,Help Desk Operator
639,Spenser,Armal,sarmalhq@mapy.cz,Male,Recruiting Manager
640,Saudra,Sivell,ssivellhr@theguardian.com,Agender,Human Resources Manager
641,Warren,McCook,wmccookhs@dot.gov,Genderqueer,Human Resources Assistant III
642,Jemmie,Burnand,jburnandht@businessinsider.com,Female,Senior Developer
643,Moe,Trelease,mtreleasehu@state.tx.us,Male,Dental Hygienist
644,Dianemarie,Kesby,dkesbyhv@furl.net,Genderqueer,Help Desk Operator
645,Dall,Herries,dherrieshw@networkadvertising.org,Male,Civil Engineer
646,Griffie,Cescot,gcescothx@nationalgeographic.com,Male,Desktop Support Technician
647,Armand,Baleine,abaleinehy@uiuc.edu,Male,Marketing Manager
648,Alf,Wong,awonghz@ow.ly,Male,Health Coach IV
649,Deanne,Wasbrough,dwasbroughi0@pbs.org,Polygender,Pharmacist
650,Raymund,Storms,rstormsi1@cafepress.com,Male,Safety Technician I
651,Aurore,Abatelli,aabatellii2@ebay.co.uk,Female,Operator
652,Devin,Brereton,dbreretoni3@oakley.com,Female,Assistant Professor
653,Bendix,Broske,bbroskei4@vinaora.com,Genderqueer,VP Sales
654,Joy,Bonifazio,jbonifazioi5@de.vu,Female,Project Manager
655,Malanie,Pendlenton,mpendlentoni6@tripod.com,Female,VP Quality Control
656,Edlin,La Batie,elabatiei7@wikimedia.org,Genderqueer,Quality Engineer
657,Kristos,Peert,kpeerti8@bbb.org,Male,Chief Design Engineer
658,Kristos,Reynault,kreynaulti9@feedburner.com,Male,Account Representative IV
659,Mady,Vagges,mvaggesia@webnode.com,Female,Editor
660,Fredelia,Teresia,fteresiaib@is.gd,Female,Software Consultant
661,Wallie,Lutzmann,wlutzmannic@economist.com,Female,Teacher
662,Ennis,Cannaway,ecannawayid@bbc.co.uk,Male,Civil Engineer
663,Caitrin,Marcam,cmarcamie@weebly.com,Female,Office Assistant I
664,Hurley,Faull,hfaullif@surveymonkey.com,Male,Programmer Analyst II
665,Caresse,Fargie,cfargieig@geocities.jp,Female,Speech Pathologist
666,Meggie,Ropp,mroppih@ebay.co.uk,Female,Marketing Assistant
667,Dalston,Viney,dvineyii@wsj.com,Male,Physical Therapy Assistant
668,Gorden,Cowen,gcowenij@msu.edu,Male,Business Systems Development Analyst
669,Mackenzie,Stallion,mstallionik@imdb.com,Male,Assistant Media Planner
670,Carmelle,Martensen,cmartensenil@creativecommons.org,Bigender,Account Executive
671,Ross,Bouchier,rbouchierim@i2i.jp,Male,Accounting Assistant IV
672,Burtie,Smoughton,bsmoughtonin@devhub.com,Male,VP Marketing
673,Alyss,Pawlowicz,apawlowiczio@vinaora.com,Female,Paralegal
674,Randolph,Brower,rbrowerip@addtoany.com,Male,Nurse
675,Niel,Forshaw,nforshawiq@sphinn.com,Male,Senior Financial Analyst
676,Byron,Bukac,bbukacir@arizona.edu,Male,Administrative Officer
677,Kassia,Foresight,kforesightis@nsw.gov.au,Genderqueer,Analyst Programmer
678,Tabbatha,Duffree,tduffreeit@wisc.edu,Female,Sales Associate
679,Abran,Mathivon,amathivoniu@w3.org,Male,Pharmacist
680,Delmor,Pettegree,dpettegreeiv@canalblog.com,Male,Web Designer I
681,Jocko,Furney,jfurneyiw@com.com,Male,Financial Advisor
682,Isa,Skures,iskuresix@arstechnica.com,Male,Chief Design Engineer
683,Garner,Barehead,gbareheadiy@digg.com,Male,Civil Engineer
684,Fraser,Medeway,fmedewayiz@noaa.gov,Male,Programmer IV
685,Mordy,Roskrug,mroskrugj0@github.io,Male,VP Quality Control
686,Sergei,Elliman,sellimanj1@rakuten.co.jp,Male,Senior Developer
687,Jammal,Highton,jhightonj2@bloglovin.com,Male,Accountant II
688,Betsey,Cordero,bcorderoj3@guardian.co.uk,Female,Product Engineer
689,North,Bault,nbaultj4@ft.com,Male,Occupational Therapist
690,Stanislaus,Pero,speroj5@google.com.hk,Male,Programmer III
691,Constantia,Merrigans,cmerrigansj6@slate.com,Female,Nurse Practicioner
692,Correna,Dymick,cdymickj7@hud.gov,Female,Environmental Tech
693,Mace,Cuphus,mcuphusj8@noaa.gov,Male,Account Coordinator
694,Dagny,Wooff,dwooffj9@sitemeter.com,Male,Accountant II
695,Amalea,Dureden,aduredenja@seesaa.net,Female,General Manager
696,Errol,Caudray,ecaudrayjb@army.mil,Male,Registered Nurse
697,Garwood,Kitney,gkitneyjc@foxnews.com,Male,Software Test Engineer IV
698,Carie,McKeney,cmckeneyjd@bbb.org,Female,Sales Associate
699,Kain,Acaster,kacasterje@ftc.gov,Male,Programmer Analyst III
700,Paolina,Keepe,pkeepejf@domainmarket.com,Female,Environmental Specialist
701,Mikel,De Souza,mdesouzajg@last.fm,Male,Payment Adjustment Coordinator
702,Norby,Mostin,nmostinjh@sogou.com,Male,Paralegal
703,Orsa,Harburtson,oharburtsonji@artisteer.com,Female,Librarian
704,Robinetta,Kharchinski,rkharchinskijj@cbc.ca,Female,Software Engineer II
705,Darb,Beadon,dbeadonjk@cyberchimps.com,Male,Quality Control Specialist
706,Ellen,Liptrod,eliptrodjl@deviantart.com,Female,Pharmacist
707,Lina,Garter,lgarterjm@ft.com,Female,Media Manager III
708,Jillana,Ace,jacejn@theglobeandmail.com,Female,Director of Sales
709,Cicily,Cumes,ccumesjo@shop-pro.jp,Polygender,Marketing Assistant
710,Isiahi,Raffels,iraffelsjp@vkontakte.ru,Male,GIS Technical Architect
711,Tania,Bolens,tbolensjq@skype.com,Female,Assistant Manager
712,Chip,Gunningham,cgunninghamjr@meetup.com,Male,Physical Therapy Assistant
713,Renae,McEvilly,rmcevillyjs@weebly.com,Female,Software Consultant
714,Templeton,Gresswell,tgresswelljt@biblegateway.com,Male,Product Engineer
715,Jelene,Gillon,jgillonju@w3.org,Female,Sales Representative
716,Camel,Lamasna,clamasnajv@independent.co.uk,Female,Senior Developer
717,Lewes,Baurerich,lbaurerichjw@tamu.edu,Male,Editor
718,Deena,Mewhirter,dmewhirterjx@taobao.com,Non-binary,VP Accounting
719,Meredeth,Bilbery,mbilberyjy@ow.ly,Male,Geological Engineer
720,Isadore,Wansbury,iwansburyjz@nymag.com,Male,Senior Quality Engineer
721,Franklin,Ovenden,fovendenk0@upenn.edu,Male,Pharmacist
722,Artemas,Driscoll,adriscollk1@uiuc.edu,Non-binary,Information Systems Manager
723,Irving,Ivanitsa,iivanitsak2@i2i.jp,Male,Systems Administrator III
724,Gregor,Massinger,gmassingerk3@latimes.com,Male,Food Chemist
725,Marjorie,Jamson,mjamsonk4@unicef.org,Female,Dental Hygienist
726,Sena,Skitterel,sskitterelk5@independent.co.uk,Female,Computer Systems Analyst I
727,Mendie,Medina,mmedinak6@google.com.br,Male,Web Designer I
728,Frannie,Reaper,freaperk7@multiply.com,Male,Food Chemist
729,Becky,Stowers,bstowersk8@imageshack.us,Female,Administrative Assistant I
730,Allyn,Service,aservicek9@vkontakte.ru,Male,Legal Assistant
731,Wolfgang,Glasson,wglassonka@vk.com,Male,Internal Auditor
732,Cal,Fitzsimmons,cfitzsimmonskb@xrea.com,Male,Help Desk Technician
733,Mariette,Petrashov,mpetrashovkc@facebook.com,Female,Internal Auditor
734,Shanna,Laye,slayekd@booking.com,Female,Web Developer II
735,Tammara,Withers,twitherske@wunderground.com,Female,Programmer IV
736,Archibaldo,Roggeman,aroggemankf@slashdot.org,Male,Sales Associate
737,Raimund,Parnham,rparnhamkg@ebay.com,Male,Legal Assistant
738,Sonnie,Harnes,sharneskh@jalbum.net,Female,Staff Scientist
739,Boothe,Guildford,bguildfordki@storify.com,Male,Accounting Assistant I
740,Joice,Sabati,jsabatikj@com.com,Female,Biostatistician II
741,Belva,Annis,banniskk@phoca.cz,Female,Developer IV
742,Sunny,Kingaby,skingabykl@scientificamerican.com,Male,Speech Pathologist
743,Deloris,Buller,dbullerkm@elpais.com,Female,Research Nurse
744,Suzanna,Bowker,sbowkerkn@wufoo.com,Female,Nurse Practicioner
745,Wynny,Lademann,wlademannko@ucoz.ru,Agender,VP Marketing
746,Red,Orvis,rorviskp@webeden.co.uk,Male,Senior Financial Analyst
747,Aldin,Hoodspeth,ahoodspethkq@house.gov,Male,Systems Administrator III
748,Rodrigo,Freake,rfreakekr@virginia.edu,Male,Administrative Assistant IV
749,Ofelia,Dewsbury,odewsburyks@redcross.org,Female,Director of Sales
750,Drusie,Russo,drussokt@auda.org.au,Female,Occupational Therapist
751,Valerie,Portinari,vportinariku@elegantthemes.com,Female,Social Worker
752,Cart,Tidcombe,ctidcombekv@bbc.co.uk,Male,Legal Assistant
753,Ogdan,Brickett,obrickettkw@sciencedirect.com,Male,Internal Auditor
754,Corie,Hoggetts,choggettskx@omniture.com,Female,GIS Technical Architect
755,Jesselyn,Popping,jpoppingky@delicious.com,Female,Research Nurse
756,Krissie,Furmonger,kfurmongerkz@odnoklassniki.ru,Non-binary,Dental Hygienist
757,Jenilee,Balasini,jbalasinil0@ihg.com,Female,Senior Financial Analyst
758,Tessi,Luebbert,tluebbertl1@skype.com,Female,Geologist IV
759,Binny,Callacher,bcallacherl2@cbslocal.com,Female,Senior Sales Associate
760,Claudelle,Cheston,cchestonl3@zdnet.com,Female,Chemical Engineer
761,Archy,Blofeld,ablofeldl4@twitpic.com,Male,Staff Scientist
762,Hurley,Meacher,hmeacherl5@weather.com,Male,Assistant Media Planner
763,Vittorio,Hutchison,vhutchisonl6@pen.io,Male,Account Representative III
764,Coralie,Colbourn,ccolbournl7@miitbeian.gov.cn,Female,Dental Hygienist
765,Jodi,Shynn,jshynnl8@shinystat.com,Male,Computer Systems Analyst II
766,Cherie,Kemell,ckemelll9@telegraph.co.uk,Female,Chemical Engineer
767,Lucas,Waddup,lwaddupla@ucoz.ru,Male,Speech Pathologist
768,Leesa,Ciccotti,lciccottilb@twitter.com,Female,VP Quality Control
769,Rance,O'Geneay,rogeneaylc@go.com,Male,Accountant I
770,Thorn,Gudd,tguddld@simplemachines.org,Male,Registered Nurse
771,Imojean,Naisbitt,inaisbittle@ovh.net,Genderfluid,Speech Pathologist
772,Viva,Shepstone,vshepstonelf@networksolutions.com,Female,Safety Technician I
773,Ricardo,Draysey,rdrayseylg@eventbrite.com,Male,Marketing Manager
774,Jacquette,McGuff,jmcgufflh@army.mil,Female,Operator
775,Elfreda,Attril,eattrilli@google.co.jp,Female,Project Manager
776,Caitlin,Mattiello,cmattiellolj@cnet.com,Female,Junior Executive
777,Bartolemo,Binnes,bbinneslk@tmall.com,Male,Structural Engineer
778,Theodor,Wiles,twilesll@1688.com,Male,Editor
779,Ulrich,Pucker,upuckerlm@wordpress.org,Male,Operator
780,Roseanne,Stonuary,rstonuaryln@blogtalkradio.com,Female,Librarian
781,Genevieve,Haffard,ghaffardlo@t.co,Female,Food Chemist
782,Jared,Perrie,jperrielp@hc360.com,Male,Desktop Support Technician
783,Ashlen,Atherley,aatherleylq@auda.org.au,Polygender,Director of Sales
784,Dix,Elfitt,delfittlr@about.com,Female,Research Nurse
785,Worthy,Duggon,wduggonls@1und1.de,Male,Computer Systems Analyst III
786,Tadd,Winterton,twintertonlt@gov.uk,Male,Senior Developer
787,Mikol,Favell,mfavelllu@macromedia.com,Male,Safety Technician IV
788,Pembroke,Tunesi,ptunesilv@house.gov,Male,Analog Circuit Design manager
789,Liam,Eggar,leggarlw@theatlantic.com,Male,Research Assistant II
790,Lanette,Blastock,lblastocklx@arstechnica.com,Female,Office Assistant III
791,Beatrix,Cruxton,bcruxtonly@vkontakte.ru,Female,Marketing Manager
792,Aldric,Shafier,ashafierlz@vistaprint.com,Male,Financial Analyst
793,Reg,Screas,rscreasm0@google.com.hk,Male,Executive Secretary
794,Maryanne,Iddins,middinsm1@state.tx.us,Polygender,Analog Circuit Design manager
795,Wylie,Fritchly,wfritchlym2@cocolog-nifty.com,Male,Chemical Engineer
796,Dalt,Klimaszewski,dklimaszewskim3@dmoz.org,Male,Analog Circuit Design manager
797,Earvin,Bow,ebowm4@jimdo.com,Male,Research Assistant III
798,Florencia,Renowden,frenowdenm5@tuttocitta.it,Female,Office Assistant II
799,Duane,Campaigne,dcampaignem6@ca.gov,Polygender,Web Designer II
800,Fritz,Karlqvist,fkarlqvistm7@rambler.ru,Male,VP Quality Control
801,Alberta,Shadrack,ashadrackm8@state.tx.us,Polygender,Geologist II
802,Alayne,Pach,apachm9@dmoz.org,Female,Programmer II
803,Aleta,Learned,alearnedma@jimdo.com,Female,Marketing Manager
804,Wallache,Hosier,whosiermb@pbs.org,Male,Administrative Assistant I
805,Adele,Manderson,amandersonmc@hostgator.com,Female,Payment Adjustment Coordinator
806,Alayne,Kener,akenermd@xinhuanet.com,Female,Actuary
807,Matty,Eathorne,meathorneme@sogou.com,Male,Assistant Media Planner
808,Alejoa,Watling,awatlingmf@youtube.com,Male,Recruiting Manager
809,Helen,Morfey,hmorfeymg@un.org,Genderqueer,Research Nurse
810,Mac,Getley,mgetleymh@businessinsider.com,Male,Financial Analyst
811,Rhianon,Arnow,rarnowmi@discovery.com,Female,Recruiter
812,Ram,Hanscom,rhanscommj@twitpic.com,Male,Engineer II
813,Baldwin,Titchard,btitchardmk@virginia.edu,Male,Legal Assistant
814,Winfred,Feye,wfeyeml@goo.ne.jp,Male,Chemical Engineer
815,Jonie,Bonsul,jbonsulmm@examiner.com,Female,Help Desk Technician
816,Eben,Fortun,efortunmn@narod.ru,Male,Software Consultant
817,Rivalee,Sinson,rsinsonmo@delicious.com,Female,Research Assistant IV
818,Shirley,Gethin,sgethinmp@prweb.com,Female,Marketing Manager
819,Wes,Sollars,wsollarsmq@cyberchimps.com,Male,Occupational Therapist
820,Avigdor,Stripp,astrippmr@google.com.au,Male,VP Marketing
821,Maison,Vegas,mvegasms@pcworld.com,Male,Account Executive
822,Jyoti,Hachard,jhachardmt@woothemes.com,Female,Junior Executive
823,Stern,Dooher,sdoohermu@geocities.com,Male,Geologist III
824,Winnifred,Mcwhinnie,wmcwhinniemv@timesonline.co.uk,Female,Financial Analyst
825,Mareah,Morot,mmorotmw@yellowbook.com,Female,Librarian
826,Sharlene,Marryatt,smarryattmx@mit.edu,Female,Staff Accountant IV
827,Katya,Dawbery,kdawberymy@slate.com,Female,Civil Engineer
828,Shir,Pert,spertmz@cdc.gov,Female,Associate Professor
829,Ki,Jina,kjinan0@joomla.org,Female,Human Resources Manager
830,Benoite,Proppers,bproppersn1@uiuc.edu,Female,Director of Sales
831,Jimmie,Darrow,jdarrown2@lulu.com,Polygender,Web Developer IV
832,Benson,Eliassen,beliassenn3@exblog.jp,Male,Project Manager
833,Sande,How to preserve,showtopreserven4@google.ru,Female,Health Coach III
834,Zara,Meak,zmeakn5@webs.com,Female,Tax Accountant
835,Sterne,Schuricke,sschuricken6@bizjournals.com,Male,Statistician IV
836,Lisette,Ironside,lironsiden7@google.com.au,Female,Recruiting Manager
837,Gan,Burnsyde,gburnsyden8@discuz.net,Male,Business Systems Development Analyst
838,Laure,Dunbobin,ldunbobinn9@blogtalkradio.com,Female,Software Test Engineer II
839,Cristie,Normington,cnormingtonna@canalblog.com,Female,Desktop Support Technician
840,Lyndsie,Caltun,lcaltunnb@reuters.com,Female,Cost Accountant
841,Yule,Warters,ywartersnc@jigsy.com,Male,Software Engineer II
842,Liesa,Gebby,lgebbynd@reuters.com,Female,Librarian
843,Bancroft,Spriddle,bspriddlene@senate.gov,Male,Financial Analyst
844,Gray,Klimaszewski,gklimaszewskinf@latimes.com,Female,Quality Control Specialist
845,Mirelle,Edser,medserng@smh.com.au,Female,Tax Accountant
846,Kenton,Waymont,kwaymontnh@economist.com,Male,Assistant Manager
847,Judd,Luckham,jluckhamni@oracle.com,Male,Accounting Assistant I
848,Merrill,Boothroyd,mboothroydnj@hibu.com,Male,Sales Associate
849,Gustav,Curedell,gcuredellnk@mozilla.org,Male,Administrative Assistant IV
850,Emlynn,Gamlyn,egamlynnl@imdb.com,Non-binary,Office Assistant IV
851,Whitby,Vasyagin,wvasyaginnm@miitbeian.gov.cn,Non-binary,Graphic Designer
852,Jackson,Ashborne,jashbornenn@google.de,Male,Research Assistant I
853,Vance,Vallentin,vvallentinno@cnbc.com,Male,Nurse Practicioner
854,Gabriell,Ambrodi,gambrodinp@wired.com,Female,Data Coordinator
855,Trude,Hardacre,thardacrenq@aol.com,Bigender,Sales Representative
856,Raynard,Redferne,rredfernenr@netscape.com,Male,VP Sales
857,Dana,Hadrill,dhadrillns@oracle.com,Female,Programmer Analyst III
858,Ollie,Reeken,oreekennt@odnoklassniki.ru,Genderqueer,Software Test Engineer II
859,Meggy,Fatscher,mfatschernu@t-online.de,Female,Media Manager III
860,Phineas,Tolman,ptolmannv@nationalgeographic.com,Non-binary,Paralegal
861,Davon,Castilla,dcastillanw@amazonaws.com,Male,Programmer Analyst III
862,Rivalee,Jandl,rjandlnx@addthis.com,Agender,Desktop Support Technician
863,Marius,Sutherley,msutherleyny@home.pl,Male,Geologist II
864,Mona,Hixley,mhixleynz@wunderground.com,Female,Data Coordinator
865,Ozzie,Pinnere,opinnereo0@linkedin.com,Male,Research Nurse
866,Herminia,Turbat,hturbato1@addtoany.com,Female,Computer Systems Analyst II
867,Brunhilde,Otteridge,botteridgeo2@theguardian.com,Female,Teacher
868,Leeanne,Ferrero,lferreroo3@domainmarket.com,Female,Accountant I
869,Keven,Portlock,kportlocko4@vk.com,Male,Programmer II
870,Kim,Cossar,kcossaro5@amazon.de,Female,Speech Pathologist
871,Elissa,Trulock,etrulocko6@wikipedia.org,Female,Registered Nurse
872,Teriann,McClounan,tmcclounano7@1und1.de,Female,Environmental Tech
873,James,Hotchkin,jhotchkino8@privacy.gov.au,Male,Mechanical Systems Engineer
874,Carissa,Dundin,cdundino9@wordpress.org,Female,Payment Adjustment Coordinator
875,Hasty,Mayell,hmayelloa@guardian.co.uk,Male,Teacher
876,Had,Schwartz,hschwartzob@cyberchimps.com,Male,Desktop Support Technician
877,Neely,Mattke,nmattkeoc@furl.net,Female,Registered Nurse
878,Rozalie,Dresche,rdrescheod@scribd.com,Female,Engineer I
879,Nickolaus,Petroff,npetroffoe@va.gov,Male,Food Chemist
880,Kaila,Jager,kjagerof@timesonline.co.uk,Female,Marketing Assistant
881,Garret,Godleman,ggodlemanog@va.gov,Male,Account Executive
882,Reinald,Simonsen,rsimonsenoh@cyberchimps.com,Male,Budget/Accounting Analyst III
883,Trip,Adey,tadeyoi@blog.com,Male,Database Administrator II
884,Shay,Carding,scardingoj@bbb.org,Female,Systems Administrator II
885,Cyrill,Kemm,ckemmok@vkontakte.ru,Male,General Manager
886,Kaine,June,kjuneol@wisc.edu,Male,Speech Pathologist
887,Anselm,Blasing,ablasingom@spiegel.de,Male,Biostatistician III
888,Micki,Lyven,mlyvenon@diigo.com,Female,Software Engineer IV
889,Hilary,Summerson,hsummersonoo@twitter.com,Male,Analog Circuit Design manager
890,Rees,Strafford,rstraffordop@wisc.edu,Male,GIS Technical Architect
891,Ulrick,Jeeks,ujeeksoq@myspace.com,Bigender,Safety Technician IV
892,Barn,Stockow,bstockowor@histats.com,Male,Internal Auditor
893,Berke,Weavers,bweaversos@wikimedia.org,Male,Financial Advisor
894,Shina,Cashell,scashellot@illinois.edu,Female,Assistant Manager
895,Hilary,Cardnell,hcardnellou@163.com,Female,Account Representative II
896,Luke,Hamel,lhamelov@admin.ch,Male,Actuary
897,Dee dee,Bristow,dbristowow@twitter.com,Female,Analyst Programmer
898,Harmon,Wheelan,hwheelanox@a8.net,Male,Software Test Engineer II
899,Tasia,Cossans,tcossansoy@discuz.net,Female,Junior Executive
900,Rosalinda,Badsworth,rbadsworthoz@histats.com,Female,General Manager
901,Clemmy,Bartel,cbartelp0@icq.com,Male,Senior Sales Associate
902,Audra,Tejero,atejerop1@blogger.com,Female,Assistant Manager
903,Demetrius,Eglin,deglinp2@umn.edu,Male,Software Consultant
904,Rab,Abdey,rabdeyp3@mapy.cz,Male,Senior Editor
905,Lorianna,Yurin,lyurinp4@cdc.gov,Female,Systems Administrator III
906,Anthony,Davidofski,adavidofskip5@printfriendly.com,Male,Community Outreach Specialist
907,Edee,Antoney,eantoneyp6@telegraph.co.uk,Female,Data Coordinator
908,Cherin,Chin,cchinp7@shinystat.com,Female,Help Desk Operator
909,Dorey,Shivell,dshivellp8@hp.com,Male,Speech Pathologist
910,Ruby,Huntingford,rhuntingfordp9@umn.edu,Male,Structural Engineer
911,Rossy,Dalzell,rdalzellpa@hexun.com,Male,Pharmacist
912,Northrup,Brinicombe,nbrinicombepb@artisteer.com,Male,Dental Hygienist
913,Brandie,Hearley,bhearleypc@de.vu,Female,Recruiter
914,Angie,Orring,aorringpd@nytimes.com,Female,Environmental Tech
915,Dene,Weetch,dweetchpe@dropbox.com,Male,Electrical Engineer
916,Patric,Ellwood,pellwoodpf@economist.com,Male,Business Systems Development Analyst
917,Albert,Takis,atakispg@whitehouse.gov,Male,Legal Assistant
918,Odessa,Wisby,owisbyph@nps.gov,Female,Accountant IV
919,Wallas,Ianizzi,wianizzipi@google.es,Male,Budget/Accounting Analyst IV
920,Niccolo,Coan,ncoanpj@sakura.ne.jp,Male,Account Executive
921,Eduardo,Blennerhassett,eblennerhassettpk@smugmug.com,Male,Dental Hygienist
922,Aloysius,Tuting,atutingpl@artisteer.com,Male,Research Associate
923,Nikola,Spooner,nspoonerpm@aboutads.info,Male,Computer Systems Analyst IV
924,Tibold,Gatsby,tgatsbypn@edublogs.org,Male,Executive Secretary
925,Kimmie,Salvin,ksalvinpo@wordpress.com,Female,Executive Secretary
926,Ralf,Eard,reardpp@google.co.jp,Male,Business Systems Development Analyst
927,Donny,Laity,dlaitypq@163.com,Male,Sales Associate
928,Neysa,Bagehot,nbagehotpr@salon.com,Female,Community Outreach Specialist
929,Bogey,Nardoni,bnardonips@nyu.edu,Male,Statistician IV
930,Shoshana,Macro,smacropt@ted.com,Female,Tax Accountant
931,Morten,Gillingwater,mgillingwaterpu@tripadvisor.com,Male,Assistant Media Planner
932,Andrus,Kindle,akindlepv@nature.com,Male,Librarian
933,Shanie,Bambery,sbamberypw@apple.com,Female,Professor
934,Peg,Bolley,pbolleypx@edublogs.org,Female,Staff Scientist
935,Brandy,Bromell,bbromellpy@discuz.net,Female,Chief Design Engineer
936,Erina,Siddon,esiddonpz@patch.com,Female,Research Assistant II
937,Bartel,Feaver,bfeaverq0@economist.com,Male,Director of Sales
938,Noami,Beachamp,nbeachampq1@nationalgeographic.com,Female,Web Designer I
939,Allissa,Harcombe,aharcombeq2@ning.com,Female,Biostatistician I
940,Richmound,Errigo,rerrigoq3@yahoo.com,Male,Chemical Engineer
941,Elsie,Giovanardi,egiovanardiq4@boston.com,Female,Clinical Specialist
942,Binni,Gaiter,bgaiterq5@oracle.com,Female,Senior Quality Engineer
943,Billie,Reisk,breiskq6@unesco.org,Male,Graphic Designer
944,Franchot,Rush,frushq7@chronoengine.com,Male,Clinical Specialist
945,Ivette,Gledhall,igledhallq8@example.com,Female,Staff Scientist
946,Millisent,Westmancoat,mwestmancoatq9@flavors.me,Female,Sales Representative
947,Ellyn,Beelby,ebeelbyqa@skyrock.com,Female,Staff Scientist
948,Sandro,Aitchison,saitchisonqb@state.tx.us,Male,Actuary
949,Ardelia,Presshaugh,apresshaughqc@tmall.com,Female,Community Outreach Specialist
950,Tressa,O'Sheilds,tosheildsqd@wisc.edu,Female,Chemical Engineer
951,Ezri,de Pinna,edepinnaqe@bbc.co.uk,Male,Safety Technician IV
952,Brenn,Newsham,bnewshamqf@merriam-webster.com,Female,Research Nurse
953,Ileana,Trevear,itrevearqg@joomla.org,Female,Recruiter
954,Robbie,Faveryear,rfaveryearqh@jiathis.com,Non-binary,Analyst Programmer
955,Nance,Sayer,nsayerqi@linkedin.com,Female,Tax Accountant
956,Sibyl,Guiducci,sguiducciqj@amazon.com,Polygender,Accounting Assistant II
957,Waneta,Gownge,wgowngeqk@uol.com.br,Female,Tax Accountant
958,Arnold,Rennock,arennockql@xing.com,Genderfluid,Environmental Tech
959,Blayne,Plaice,bplaiceqm@domainmarket.com,Genderqueer,Staff Scientist
960,Emilio,MacAskill,emacaskillqn@telegraph.co.uk,Male,Web Developer IV
961,Aguistin,Clague,aclagueqo@google.com.hk,Male,Computer Systems Analyst II
962,Giffer,Smoth,gsmothqp@salon.com,Male,VP Quality Control
963,Aggi,Clough,acloughqq@indiegogo.com,Female,Human Resources Assistant III
964,Chery,Gilvary,cgilvaryqr@people.com.cn,Female,Data Coordinator
965,Dulcia,McLise,dmcliseqs@pinterest.com,Female,Graphic Designer
966,Cale,East,ceastqt@businessinsider.com,Male,Software Test Engineer III
967,Donaugh,Burchess,dburchessqu@wired.com,Male,Desktop Support Technician
968,Cora,Blackborne,cblackborneqv@yale.edu,Female,Help Desk Technician
969,Garner,Hebbard,ghebbardqw@angelfire.com,Male,Engineer II
970,Mei,Prydie,mprydieqx@diigo.com,Female,Engineer II
971,Gay,Kliner,gklinerqy@i2i.jp,Male,Geologist IV
972,Rory,Cornell,rcornellqz@tamu.edu,Female,Administrative Assistant IV
973,Boone,Andreas,bandreasr0@globo.com,Male,Assistant Manager
974,Row,Clement,rclementr1@stumbleupon.com,Female,Internal Auditor
975,Aristotle,Glendinning,aglendinningr2@cyberchimps.com,Male,Programmer IV
976,Lev,Vigours,lvigoursr3@imageshack.us,Male,Database Administrator I
977,Lilyan,Crockett,lcrockettr4@bluehost.com,Genderfluid,Research Nurse
978,Christi,Salmond,csalmondr5@pcworld.com,Female,Assistant Manager
979,Hyacintha,Shepperd,hshepperdr6@ucsd.edu,Agender,Teacher
980,Zenia,Blose,zbloser7@npr.org,Polygender,Technical Writer
981,Charline,Pursehouse,cpursehouser8@kickstarter.com,Female,Editor
982,Hobey,Shouler,hshoulerr9@taobao.com,Agender,Programmer Analyst III
983,Tammie,Mebs,tmebsra@dailymail.co.uk,Female,VP Accounting
984,Ernestus,Myerscough,emyerscoughrb@home.pl,Male,Dental Hygienist
985,Kasper,Burnyeat,kburnyeatrc@free.fr,Male,Clinical Specialist
986,Jemmie,Wigelsworth,jwigelsworthrd@microsoft.com,Female,Geological Engineer
987,Hashim,Penk,hpenkre@zdnet.com,Male,Statistician II
988,Grace,Kornes,gkornesrf@chicagotribune.com,Genderfluid,Project Manager
989,Roddie,MacGraith,rmacgraithrg@princeton.edu,Male,Account Representative III
990,Inigo,Seckington,iseckingtonrh@hubpages.com,Male,Web Designer III
991,Gladys,Aindriu,gaindriuri@bloglovin.com,Female,Environmental Specialist
992,Pincas,Febvre,pfebvrerj@dedecms.com,Male,Product Engineer
993,Alaster,Culpin,aculpinrk@engadget.com,Male,Electrical Engineer
994,Hector,Sinclaire,hsinclairerl@noaa.gov,Male,Physical Therapy Assistant
995,Elisabet,Rennox,erennoxrm@jigsy.com,Female,Physical Therapy Assistant
996,Jenna,Jiru,jjirurn@loc.gov,Female,Staff Scientist
997,Terri,Karpf,tkarpfro@ox.ac.uk,Male,Budget/Accounting Analyst III
998,Henri,Haggarty,hhaggartyrp@gravatar.com,Bigender,Engineer III
999,Haskel,Corbet,hcorbetrq@youtube.com,Male,Software Engineer II
1000,Betteann,Balam,bbalamrr@harvard.edu,Female,Software Engineer I
